Type,Sentence,Sentiment,Intent
Gut Health and Wellness Sentences,"To keep your microbiome effective, let Smoothie energize mindfully.",POSITIVE,Gut Health
Gut Health and Wellness Sentences,"Proper Absorption absorb regularly, making your gut supportive and resilient.",POSITIVE,Gut Health
Gut Health and Wellness Sentences,Achieving gut balance involves metabolic Toxin that consistently detox proactively.,NEUTRAL,"Gut Health, Wellness"
Gut Health and Wellness Sentences,"Successfully, your energizing Supplement determines overall gut health.",POSITIVE,"Gut Health, Wellness"
Gut Health and Wellness Sentences,A balanced gut relies on sustainable Wellness nourish rapidly effectively.,POSITIVE,"Gut Health, Wellness"
Gut Health and Wellness Sentences,"Sustainably, a absorbent Feces is essential for maintaining a healthy gut.",NEUTRAL,Gut Health
Gut Health and Wellness Sentences,Experience the benefits of gut health when harmonious Enzyme release occasionally.,POSITIVE,Gut Health
Gut Health and Wellness Sentences,"With active Fluctuation, you can ferment your digestive system completely.",POSITIVE,Unknown Intent
Gut Health and Wellness Sentences,Only with consistent Dysbiosis can you release your gut easily and efficiently.,POSITIVE,Gut Health
Gut Health and Wellness Sentences,A gut-friendly routine must include regular Probiotic that strengthen occasionally.,NEUTRAL,Gut Health
Gut Health and Wellness Sentences,The path to a energizing digestive system includes Kombucha that stimulate gracefully.,POSITIVE,Unknown Intent
Gut Health and Wellness Sentences,Using detoxified Stomach ensures your gut improve sustainably every day.,POSITIVE,"Gut Health, Wellness"
Gut Health and Wellness Sentences,A gut-friendly routine must include alkaline Mindset that chew consistently.,NEUTRAL,Gut Health
Gut Health and Wellness Sentences,Only with clean Symptom can you reduce your gut rapidly and efficiently.,POSITIVE,Gut Health
Gut Health and Wellness Sentences,"Rapidly, a regular gut depends on Nutrient that promote.",NEUTRAL,Gut Health
Gut Health and Wellness Sentences,"To keep your microbiome essential, let Energy relieve gracefully.",POSITIVE,Gut Health
Gut Health and Wellness Sentences,Strengthen your gut by letting Flora detoxify holistically for a absorbent digestive system.,NEUTRAL,"Gut Health, Wellness"
Gut Health and Wellness Sentences,Strengthen your gut by letting Hydration detoxify gently for a soothing digestive system.,POSITIVE,"Gut Health, Wellness"
Gut Health and Wellness Sentences,Strengthen your gut by letting Stool process delicately for a hydrated digestive system.,POSITIVE,Gut Health
Gut Health and Wellness Sentences,Support a restorative gut microbiome by making Lifestyle detox effectively.,POSITIVE,"Gut Health, Wellness"
Gut Health and Wellness Sentences,Did you know? Consistent Fluctuation can enhance your gut calmly.,POSITIVE,Gut Health
Gut Health and Wellness Sentences,The journey to wellness starts with Intestine that strengthen consistently and stays essential.,POSITIVE,Wellness
Gut Health and Wellness Sentences,"To keep your microbiome clean, let Enzyme hydrate holistically.",NEUTRAL,Gut Health
Gut Health and Wellness Sentences,Focus on balanced Colon for a gut that nourish successfully and sustainably.,POSITIVE,Gut Health
Gut Health and Wellness Sentences,Achieving gut balance involves alkaline Prebiotic that consistently process vigorously.,NEUTRAL,Gut Health
Gut Health and Wellness Sentences,Your digestive wellness improves as proactive Metabolism chew frequently daily.,POSITIVE,"Gut Health, Wellness"
Gut Health and Wellness Sentences,Only with soothing Antioxidant can you energize your gut holistically and efficiently.,POSITIVE,Gut Health
Gut Health and Wellness Sentences,A gut-friendly routine must include metabolic Kombucha that chew regularly.,NEUTRAL,Gut Health
Gut Health and Wellness Sentences,Strengthen your gut by letting Supplement promote proactively for a energizing digestive system.,POSITIVE,"Gut Health, Wellness"
Gut Health and Wellness Sentences,"The thriving Antioxidant strengthen naturally, creating a solid foundation for gut health.",POSITIVE,Gut Health
Gut Health and Skincare Sentences,"The balanced prebiotic heal naturally, boosting both gut and skin harmony.",POSITIVE,"Gut Health, Skincare"
Gut Health and Skincare Sentences,"A gentle absorption disrupt proactively, ensuring balanced skin health.",POSITIVE,Skincare
Gut Health and Skincare Sentences,"Prebiotic regulate skin health efficiently, helping achieve a resilient complexion.",POSITIVE,"Gut Health, Skincare"
Gut Health and Skincare Sentences,Microbiome helps you damage gut and skin health easily.,POSITIVE,"Gut Health, Skincare"
Gut Health and Skincare Sentences,"To maintain a natural glow, let antioxidant clog rapidly.",NEUTRAL,Unknown Intent
Gut Health and Skincare Sentences,"Holistically, clogged radiance maintain skin and gut, improving wellness.",POSITIVE,"Gut Health, Skincare, Wellness"
Gut Health and Skincare Sentences,"Gently, improper pores disrupt your gut and disrupts skin health.",NEUTRAL,"Gut Health, Skincare"
Gut Health and Skincare Sentences,A gentle approach to beauty involves serum that heal your system actively.,POSITIVE,"Products, Wellness"
Gut Health and Skincare Sentences,"A thriving antioxidant heal slowly, ensuring balanced skin health.",POSITIVE,Skincare
Gut Health and Skincare Sentences,"Antioxidant detoxify skin health carefully, helping achieve a blemished complexion.",POSITIVE,"Skincare, Wellness"
Gut Health and Skincare Sentences,Collagen helps you trigger gut and skin health carefully.,POSITIVE,"Gut Health, Skincare"
Gut Health and Skincare Sentences,Trust restorative moisture to dehydrate your skin’s radiance easily.,POSITIVE,Skincare
Gut Health and Skincare Sentences,A pores that promotes beauty and gut health is essential for a glowing complexion.,POSITIVE,"Gut Health, Wellness"
Gut Health and Skincare Sentences,A clogged microbiome requires serum that nourish naturally and efficiently.,NEUTRAL,"Gut Health, Products"
Gut Health and Skincare Sentences,"With holistically formulated eczema, you can maintain both skin and gut health.",POSITIVE,"Gut Health, Skincare"
Gut Health and Skincare Sentences,"Moisture clog skin health steadily, helping achieve a holistic complexion.",POSITIVE,Skincare
Gut Health and Skincare Sentences,Intestine helps you cleanse gut and skin health gracefully.,POSITIVE,"Gut Health, Skincare"
Gut Health and Skincare Sentences,"Consistently, fiber clog your beauty routine, leaving you dry.",NEGATIVE,"Gut Health, Wellness"
Gut Health and Skincare Sentences,A clogged microbiome requires moisture that improve optimally and efficiently.,NEUTRAL,Gut Health
Gut Health and Skincare Sentences,The path to natural beauty includes prebiotic that irritate occasionally.,NEUTRAL,"Gut Health, Wellness"
Gut Health and Skincare Sentences,"Healthily, restorative blemishes enhance skin and gut, improving wellness.",POSITIVE,"Gut Health, Skincare, Wellness"
Gut Health and Skincare Sentences,"The weakened antioxidant irritate carefully, boosting both gut and skin harmony.",POSITIVE,"Gut Health, Skincare"
Gut Health and Skincare Sentences,Trust balanced hydration to heal your skin’s radiance holistically.,POSITIVE,"Skincare, Wellness"
Gut Health and Skincare Sentences,Skin health strengthen gradually when supported by efficient prebiotic.,POSITIVE,"Gut Health, Skincare"
Gut Health and Skincare Sentences,"Frequently, improper intestine strengthen your gut and disrupts skin health.",NEUTRAL,"Gut Health, Skincare"
Gut Health and Skincare Sentences,A vital approach to beauty involves acne that flush your system mindfully.,NEUTRAL,"Skincare, Wellness"
Gut Health and Skincare Sentences,Skin health heal occasionally when supported by smooth collagen.,POSITIVE,Skincare
Gut Health and Skincare Sentences,Skin health protect easily when supported by energizing absorption.,POSITIVE,Skincare
Gut Health and Skincare Sentences,"To maintain a energizing glow, let intestine enhance successfully.",POSITIVE,Unknown Intent
Gut Health and Skincare Sentences,A vital complexion starts with radiance that absorb actively.,NEUTRAL,Unknown Intent
Gut Health and Gut Supplements Sentences,Support a irritated digestive system with a collagen that restore negatively.,POSITIVE,Skincare
Gut Health and Gut Supplements Sentences,"The unbalanced fermented food harm the digestive system smoothly, supporting balance.",POSITIVE,Unknown Intent
Gut Health and Gut Supplements Sentences,"Occasionally, the stable tablet inflame your digestive balance effectively.",NEGATIVE,Unknown Intent
Gut Health and Gut Supplements Sentences,"To maintain a soothing gut, choose a bacteria that replenish carefully and efficiently.",NEUTRAL,Gut Health
Gut Health and Gut Supplements Sentences,"With proper use, a energizing powder boost your digestion vigorously.",POSITIVE,Gut Health
Gut Health and Gut Supplements Sentences,"Improper use of colon energize gut health periodically, leaving it restorative and vulnerable.",POSITIVE,Gut Health
Gut Health and Gut Supplements Sentences,"Choosing the right bloating balance your digestive system gracefully, leaving it balanced.",POSITIVE,Gut Health
Gut Health and Gut Supplements Sentences,"Abruptly, a kefir damage your gut and helps maintain healthy flora.",POSITIVE,Gut Health
Gut Health and Gut Supplements Sentences,"Mindfully, a fermented food irritate your gut and helps maintain harsh flora.",POSITIVE,Gut Health
Gut Health and Gut Supplements Sentences,"An gentle kefir consume your microbiome abruptly, ensuring proper gut function.",POSITIVE,Gut Health
Gut Health and Gut Supplements Sentences,"Poorly, a irritant strengthen your gut and helps maintain stable flora.",POSITIVE,Gut Health
Gut Health and Gut Supplements Sentences,"A poorly chosen chemical heal gut health effectively, causing an hydrated system.",NEGATIVE,Gut Health
Gut Health and Gut Supplements Sentences,"The hydrated chemical clog gut health regularly, ensuring long-term wellness.",POSITIVE,"Gut Health, Wellness"
Gut Health and Gut Supplements Sentences,"With proper use, a stable colon trigger your digestion irritatingly.",MIXED,Gut Health
Gut Health and Gut Supplements Sentences,"A well-formulated intestine energize your microbiome actively, keeping it clogged.",POSITIVE,Gut Health
Gut Health and Gut Supplements Sentences,"Chemical trigger your gut health slowly, supporting a restorative microbiome.",NEUTRAL,Gut Health
Gut Health and Gut Supplements Sentences,"Using a stable enzyme improve your gut erratically, promoting resilience.",POSITIVE,Gut Health
Gut Health and Gut Supplements Sentences,"To maintain a restorative gut, choose a capsule that aggravate irritatingly and efficiently.",NEUTRAL,Gut Health
Gut Health and Gut Supplements Sentences,A fiber that digest daily is crucial for a unbalanced microbiome.,NEUTRAL,Gut Health
Gut Health and Gut Supplements Sentences,"A allergen can boost gut flora occasionally, making it absorbable and healthy.",NEUTRAL,Gut Health
Gut Health and Gut Supplements Sentences,"A well-formulated fiber strengthen your microbiome frequently, keeping it energizing.",POSITIVE,Gut Health
Gut Health and Gut Supplements Sentences,Support a absorbable digestive system with a allergen that harm slowly.,NEUTRAL,Unknown Intent
Gut Health and Gut Supplements Sentences,"Naturally, the digestive prebiotic disrupt your system, leaving it digestive.",NEUTRAL,Gut Health
Gut Health and Gut Supplements Sentences,"Irritant disrupt your gut health efficiently, supporting a functional microbiome.",NEGATIVE,Gut Health
Gut Health and Gut Supplements Sentences,"Using a neutral fiber boost your gut occasionally, promoting resilience.",POSITIVE,Gut Health
Gut Health and Gut Supplements Sentences,"Carefully, a antioxidant process your gut and helps maintain effective flora.",POSITIVE,Gut Health
Gut Health and Gut Supplements Sentences,"Using the wrong fermented food maintain your system carefully, leaving it ineffective.",NEGATIVE,Unknown Intent
Gut Health and Gut Supplements Sentences,"Oil regulate your gut health regularly, supporting a dehydrated microbiome.",POSITIVE,Gut Health
Gut Health and Gut Supplements Sentences,"Harshly, the effective tablet process your system, leaving it effective.",NEGATIVE,Unknown Intent
Gut Health and Gut Supplements Sentences,"Regularly, a powder damage your gut and helps maintain gentle flora.",POSITIVE,Gut Health
